outcome,model,n,term,coefficient,effect,effect_measure,se,test_statistic,df_test,p_method,CI_low,CI_high,p,significance
sleep_hours_by_drinks_per_day,Dose-response,2750,(Intercept),8.898185565887411,8.898185565887411,Beta (hours per additional drink),0.3461863075526088,25.703459009669764,15,Design-based Wald t test (df = PSU - strata),8.160306917975387,9.636064213799436,8.102955945930622e-14,***
sleep_hours_by_drinks_per_day,Dose-response,2750,drinks_per_day,-0.007052270003009233,-0.007052270003009233,Beta (hours per additional drink),0.014909269253375525,-0.47301245172781137,15,Design-based Wald t test (df = PSU - strata),-0.03883062517774482,0.024726085171726357,0.6430139484187192,NS
sleep_hours_by_drinks_per_day,Dose-response,2750,age_group30-44,-0.19094497651622722,-0.19094497651622722,Beta (hours per additional drink),0.09893085864082213,-1.9300851032686481,15,Design-based Wald t test (df = PSU - strata),-0.4018111102080459,0.019921157175591453,0.07272751184910846,NS
sleep_hours_by_drinks_per_day,Dose-response,2750,age_group45-59,-0.29537582398665985,-0.29537582398665985,Beta (hours per additional drink),0.07489350941625923,-3.943944225459601,15,Design-based Wald t test (df = PSU - strata),-0.45500756059732234,-0.13574408737599736,0.0012994496721090397,**
sleep_hours_by_drinks_per_day,Dose-response,2750,age_group60+,-0.13621194136728146,-0.13621194136728146,Beta (hours per additional drink),0.1356895131229409,-1.003850174065163,15,Design-based Wald t test (df = PSU - strata),-0.425427292450401,0.15300340971583806,0.33137076372136387,NS
sleep_hours_by_drinks_per_day,Dose-response,2750,genderMale,-0.3706121145581101,-0.3706121145581101,Beta (hours per additional drink),0.05464937221405409,-6.781635351756162,15,Design-based Wald t test (df = PSU - strata),-0.48709449412888267,-0.25412973498733754,6.182519567145681e-6,***
sleep_hours_by_drinks_per_day,Dose-response,2750,race_ethnicityNon-Hispanic Black,-0.37142511415906193,-0.37142511415906193,Beta (hours per additional drink),0.07307238778056326,-5.082974916249533,15,Design-based Wald t test (df = PSU - strata),-0.5271752218869111,-0.2156750064312127,0.00013490481166015901,***
sleep_hours_by_drinks_per_day,Dose-response,2750,race_ethnicityNon-Hispanic Asian,-0.07341411480754025,-0.07341411480754025,Beta (hours per additional drink),0.10090858296431758,-0.7275309260214298,15,Design-based Wald t test (df = PSU - strata),-0.28849566810991584,0.14166743849483532,0.4781037499658207,NS
sleep_hours_by_drinks_per_day,Dose-response,2750,race_ethnicityMexican American,0.1065638158772051,0.1065638158772051,Beta (hours per additional drink),0.0884526798577773,1.2047550854145812,15,Design-based Wald t test (df = PSU - strata),-0.08196860840919858,0.2950962401636088,0.24696258231887078,NS
sleep_hours_by_drinks_per_day,Dose-response,2750,race_ethnicityOther Hispanic,-0.03415516578810109,-0.03415516578810109,Beta (hours per additional drink),0.09217374229283537,-0.37055201338782967,15,Design-based Wald t test (df = PSU - strata),-0.23061884691070886,0.16230851533450666,0.7161517487044121,NS
sleep_hours_by_drinks_per_day,Dose-response,2750,race_ethnicityOther / Multi-racial,0.002037525457992508,0.002037525457992508,Beta (hours per additional drink),0.12491741997445935,0.01631097935267236,15,Design-based Wald t test (df = PSU - strata),-0.26421765257906843,0.26829270349505346,0.9872012766702907,NS
sleep_hours_by_drinks_per_day,Dose-response,2750,educationSome college/AA,-0.10939140927103529,-0.10939140927103529,Beta (hours per additional drink),0.0796990409675787,-1.372556155544398,15,Design-based Wald t test (df = PSU - strata),-0.2792658939229308,0.060483075380860216,0.1900658319767625,NS
sleep_hours_by_drinks_per_day,Dose-response,2750,educationHigh school/GED,-0.1688426228459952,-0.1688426228459952,Beta (hours per additional drink),0.10331286103417311,-1.6342846491314047,15,Design-based Wald t test (df = PSU - strata),-0.3890487735477637,0.05136352785577328,0.12300663519312366,NS
sleep_hours_by_drinks_per_day,Dose-response,2750,education9-11th grade,0.3097041391390727,0.3097041391390727,Beta (hours per additional drink),0.21706489779493462,1.4267813095770838,15,Design-based Wald t test (df = PSU - strata),-0.15295873862291975,0.7723670169010651,0.1741263060390623,NS
sleep_hours_by_drinks_per_day,Dose-response,2750,education<9th grade,0.09720041567455553,0.09720041567455553,Beta (hours per additional drink),0.1840913758408439,0.5280009192749481,15,Design-based Wald t test (df = PSU - strata),-0.295181063702885,0.489581895051996,0.6052224450285801,NS
sleep_hours_by_drinks_per_day,Dose-response,2750,poverty_ratio,-0.08894357928609962,-0.08894357928609962,Beta (hours per additional drink),0.026656137831844597,-3.336701657501324,15,Design-based Wald t test (df = PSU - strata),-0.14575979215416351,-0.03212736641803573,0.004506612485997566,**
sleep_hours_by_drinks_per_day,Dose-response,2750,partneredYes,0.02621362100133922,0.02621362100133922,Beta (hours per additional drink),0.10960431669707849,0.23916595432812862,15,Design-based Wald t test (df = PSU - strata),-0.20740245001403837,0.2598296920167168,0.8142139485072467,NS
sleep_hours_by_drinks_per_day,Dose-response,2750,DMDHHSIZ,-0.05402479621789252,-0.05402479621789252,Beta (hours per additional drink),0.03148710072864316,-1.7157755070395317,15,Design-based Wald t test (df = PSU - strata),-0.12113796275695385,0.013088370321168802,0.10677856509452519,NS
sleep_hours_by_drinks_per_day,Dose-response,2750,smoking_statusFormer,-0.01183078911116249,-0.01183078911116249,Beta (hours per additional drink),0.07507043818954474,-0.15759584460251885,15,Design-based Wald t test (df = PSU - strata),-0.1718396404752408,0.14817806225291585,0.8768771453832902,NS
sleep_hours_by_drinks_per_day,Dose-response,2750,smoking_statusCurrent,-0.17861741241833476,-0.17861741241833476,Beta (hours per additional drink),0.09184394180202803,-1.9447925351826598,15,Design-based Wald t test (df = PSU - strata),-0.3743781404346858,0.017143315598016295,0.07079424074584269,NS
sleep_hours_by_drinks_per_day,Dose-response,2750,bmi_categoryUnderweight,0.0852162389587152,0.0852162389587152,Beta (hours per additional drink),0.2848956264212986,0.29911388963444085,15,Design-based Wald t test (df = PSU - strata),-0.5220244145089292,0.6924568924263597,0.7689574715568499,NS
sleep_hours_by_drinks_per_day,Dose-response,2750,bmi_categoryOverweight,-0.048354839643652,-0.048354839643652,Beta (hours per additional drink),0.11103618683546321,-0.4354872138693458,15,Design-based Wald t test (df = PSU - strata),-0.28502286961479034,0.18831319032748634,0.6694101951459239,NS
sleep_hours_by_drinks_per_day,Dose-response,2750,bmi_categoryObese,0.04428541938115458,0.04428541938115458,Beta (hours per additional drink),0.15971294080810888,0.27728134712867386,15,Design-based Wald t test (df = PSU - strata),-0.2961346557243043,0.3847054944866135,0.7853489497224706,NS
sleep_hours_by_drinks_per_day,Dose-response,2750,waist_circumference,-0.0018660713957137792,-0.0018660713957137792,Beta (hours per additional drink),0.005171808266936315,-0.36081604332544326,15,Design-based Wald t test (df = PSU - strata),-0.012889519775997477,0.009157376984569917,0.7232679507592409,NS
sleep_hours_by_drinks_per_day,Dose-response,2750,depression_score_no_sleep,-0.02016954645819142,-0.02016954645819142,Beta (hours per additional drink),0.008547238505266648,-2.359773445629641,15,Design-based Wald t test (df = PSU - strata),-0.03838755408603303,-0.001951538830349809,0.0322590803663064,*
sleep_hours_by_drinks_per_day,Dose-response,2750,diabetesYes,0.11731963531006703,0.11731963531006703,Beta (hours per additional drink),0.13474202742563274,0.870698159672701,15,Design-based Wald t test (df = PSU - strata),-0.1698761978141006,0.4045154684342347,0.39763991432760626,NS
sleep_hours_by_drinks_per_day,Dose-response,2750,hypertensionYes,0.06558166499205846,0.06558166499205846,Beta (hours per additional drink),0.07510536565764953,0.8731954690294346,15,Design-based Wald t test (df = PSU - strata),-0.09450163250803935,0.22566496249215628,0.396320456104581,NS
sleep_hours_by_drinks_per_day,Dose-response,2750,heart_diseaseYes,0.04019842611460692,0.04019842611460692,Beta (hours per additional drink),0.12575846364850088,0.3196478785472671,15,Design-based Wald t test (df = PSU - strata),-0.22784939407928576,0.3082462463084996,0.7536440044814059,NS
sleep_hours_by_drinks_per_day,Dose-response,2750,arthritisYes,-0.044084410226450974,-0.044084410226450974,Beta (hours per additional drink),0.07839747610778984,-0.5623192533116586,15,Design-based Wald t test (df = PSU - strata),-0.21118467504943295,0.12301585459653101,0.5822051927367639,NS
sleep_trouble_by_drinks_per_day,Dose-response,2758,(Intercept),-2.2257838104608934,0.107982747449037,Odds ratio per additional drink,0.6861268537251631,-3.2439829433530076,15,Design-based Wald t test (df = PSU - strata),0.025016277123700865,0.4661074743050139,0.0054500879821639744,**
sleep_trouble_by_drinks_per_day,Dose-response,2758,drinks_per_day,-0.01506967421410125,0.9850433050939246,Odds ratio per additional drink,0.04546074536440822,-0.33148761845641633,15,Design-based Wald t test (df = PSU - strata),0.8940737978705541,1.0852687051352847,0.7448622256497401,NS
sleep_trouble_by_drinks_per_day,Dose-response,2758,age_group30-44,0.29633877359900745,1.3449257049853276,Odds ratio per additional drink,0.2088621998574169,1.4188243435207895,15,Design-based Wald t test (df = PSU - strata),0.8617065742486554,2.099119591268574,0.17639417520038533,NS
sleep_trouble_by_drinks_per_day,Dose-response,2758,age_group45-59,0.6084608084605343,1.8376008013183325,Odds ratio per additional drink,0.15363560817055397,3.960415268998511,15,Design-based Wald t test (df = PSU - strata),1.3244460032404803,2.549576726226607,0.0012565781334161912,**
sleep_trouble_by_drinks_per_day,Dose-response,2758,age_group60+,0.30261152404401404,1.3533886033751945,Odds ratio per additional drink,0.23984446194967127,1.2616990260442775,15,Design-based Wald t test (df = PSU - strata),0.8117159255733474,2.2565292290552073,0.22632479276882472,NS
sleep_trouble_by_drinks_per_day,Dose-response,2758,genderMale,-0.44684981446023736,0.6396399657349072,Odds ratio per additional drink,0.1423407634690794,-3.1392961760901774,15,Design-based Wald t test (df = PSU - strata),0.472252267999993,0.8663574819832508,0.006752560352042257,**
sleep_trouble_by_drinks_per_day,Dose-response,2758,race_ethnicityNon-Hispanic Black,-0.4454488793501588,0.640536687798766,Odds ratio per additional drink,0.18734686755395114,-2.377669214148354,15,Design-based Wald t test (df = PSU - strata),0.4296564792408137,0.9549192628054288,0.031153883957247743,*
sleep_trouble_by_drinks_per_day,Dose-response,2758,race_ethnicityNon-Hispanic Asian,-0.5549113032213128,0.5741231818149519,Odds ratio per additional drink,0.20319368419321057,-2.7309475952690776,15,Design-based Wald t test (df = PSU - strata),0.3723174646481617,0.8853128289558247,0.015467479945712593,*
sleep_trouble_by_drinks_per_day,Dose-response,2758,race_ethnicityMexican American,-0.36673048658984203,0.6929963916986513,Odds ratio per additional drink,0.2623499236163168,-1.3978677086492328,15,Design-based Wald t test (df = PSU - strata),0.3961683182059519,1.2122221208453403,0.18248340038684688,NS
sleep_trouble_by_drinks_per_day,Dose-response,2758,race_ethnicityOther Hispanic,-0.2971525817799218,0.7429306460330115,Odds ratio per additional drink,0.24775103914471971,-1.1993999411899339,15,Design-based Wald t test (df = PSU - strata),0.4381379685238598,1.2597537407556825,0.2489760270281313,NS
sleep_trouble_by_drinks_per_day,Dose-response,2758,race_ethnicityOther / Multi-racial,0.15033397850455563,1.1622223351948744,Odds ratio per additional drink,0.3083898593895854,0.4874802913497892,15,Design-based Wald t test (df = PSU - strata),0.6023097403453721,2.2426347540906173,0.6329656257152745,NS
sleep_trouble_by_drinks_per_day,Dose-response,2758,educationSome college/AA,0.04420708680529186,1.0451987793544562,Odds ratio per additional drink,0.19057246935992336,0.23196995323495784,15,Design-based Wald t test (df = PSU - strata),0.6962903637102263,1.5689438563287135,0.819696312131126,NS
sleep_trouble_by_drinks_per_day,Dose-response,2758,educationHigh school/GED,-0.23895342477116965,0.7874515572550828,Odds ratio per additional drink,0.24585027524688804,-0.9719469483253885,15,Design-based Wald t test (df = PSU - strata),0.4662791069387862,1.3298471790734983,0.3464904060263845,NS
sleep_trouble_by_drinks_per_day,Dose-response,2758,education9-11th grade,-0.17270451624110825,0.8413861940725564,Odds ratio per additional drink,0.2844076933457282,-0.607242772547532,15,Design-based Wald t test (df = PSU - strata),0.4589081650989747,1.5426413853918226,0.5527718611775144,NS
sleep_trouble_by_drinks_per_day,Dose-response,2758,education<9th grade,-0.23839179089811782,0.7878939409402274,Odds ratio per additional drink,0.3268612521329602,-0.7293363448327767,15,Design-based Wald t test (df = PSU - strata),0.3925544370647764,1.581377774792255,0.47703098196655513,NS
sleep_trouble_by_drinks_per_day,Dose-response,2758,poverty_ratio,0.041677972265493045,1.0425586918736869,Odds ratio per additional drink,0.05522823535726375,0.7546497184978672,15,Design-based Wald t test (df = PSU - strata),0.9267807797900309,1.1728001375337376,0.4621436772005021,NS
sleep_trouble_by_drinks_per_day,Dose-response,2758,partneredYes,-0.12382503165295232,0.883534417915975,Odds ratio per additional drink,0.1141040532741837,-1.0851939795285783,15,Design-based Wald t test (df = PSU - strata),0.6927874310476376,1.1268002747417667,0.2949693750129999,NS
sleep_trouble_by_drinks_per_day,Dose-response,2758,DMDHHSIZ,-0.06172697550463552,0.9401395328756964,Odds ratio per additional drink,0.05863344991937307,-1.0527604224127416,15,Design-based Wald t test (df = PSU - strata),0.8296915981867237,1.0652902153130128,0.30911509105634705,NS
sleep_trouble_by_drinks_per_day,Dose-response,2758,smoking_statusFormer,0.3048909325553919,1.3564770474525685,Odds ratio per additional drink,0.1848243827186987,1.6496250552581777,15,Design-based Wald t test (df = PSU - strata),0.9147971667176321,2.0114076072926825,0.11979832149836718,NS
sleep_trouble_by_drinks_per_day,Dose-response,2758,smoking_statusCurrent,0.23724720909065727,1.2677544794728048,Odds ratio per additional drink,0.17918798864326158,1.324012903359184,15,Design-based Wald t test (df = PSU - strata),0.8652965937503566,1.8573994533567408,0.2053216773621172,NS
sleep_trouble_by_drinks_per_day,Dose-response,2758,bmi_categoryUnderweight,-0.5365413893884504,0.5847672410988337,Odds ratio per additional drink,0.5341359334430326,-1.004503452763255,15,Design-based Wald t test (df = PSU - strata),0.18730346274812817,1.8256615293982805,0.3310661436027418,NS
sleep_trouble_by_drinks_per_day,Dose-response,2758,bmi_categoryOverweight,-0.3636565601525289,0.695129889055065,Odds ratio per additional drink,0.1950629239789315,-1.8643038499300206,15,Design-based Wald t test (df = PSU - strata),0.4586704315713014,1.0534918525320105,0.08196864120010472,NS
sleep_trouble_by_drinks_per_day,Dose-response,2758,bmi_categoryObese,-0.2461745224126559,0.7817857738795032,Odds ratio per additional drink,0.2700831047933433,-0.9114769418880115,15,Design-based Wald t test (df = PSU - strata),0.43962067182533937,1.3902644607285395,0.3764600406603644,NS
sleep_trouble_by_drinks_per_day,Dose-response,2758,waist_circumference,0.008064732567062865,1.0080973401208766,Odds ratio per additional drink,0.00783828196573824,1.0288903362132746,15,Design-based Wald t test (df = PSU - strata),0.9913950662396724,1.0250810012737168,0.3198373999634176,NS
sleep_trouble_by_drinks_per_day,Dose-response,2758,depression_score_no_sleep,0.1605063361492062,1.1741052124228577,Odds ratio per additional drink,0.025492507337123552,6.296216140162419,15,Design-based Wald t test (df = PSU - strata),1.1120112836790683,1.2396664225183995,1.433270958211415e-5,***
sleep_trouble_by_drinks_per_day,Dose-response,2758,diabetesYes,0.22009685435553974,1.246197424390841,Odds ratio per additional drink,0.24454813354045718,0.9000144518343981,15,Design-based Wald t test (df = PSU - strata),0.7399703554812984,2.0987435632448324,0.38233468785497604,NS
sleep_trouble_by_drinks_per_day,Dose-response,2758,hypertensionYes,0.7336202766726596,2.0826065884383973,Odds ratio per additional drink,0.15586518019844472,4.706761803621743,15,Design-based Wald t test (df = PSU - strata),1.493916969461781,2.903273937486376,2.8095031557794824e-4,***
sleep_trouble_by_drinks_per_day,Dose-response,2758,heart_diseaseYes,-0.21192382457491443,0.8090263231433636,Odds ratio per additional drink,0.2408291871960985,-0.8799756667465415,15,Design-based Wald t test (df = PSU - strata),0.48420878748495744,1.3517383584435751,0.39275284130053534,NS
sleep_trouble_by_drinks_per_day,Dose-response,2758,arthritisYes,0.7843979626325399,2.1910874270683367,Odds ratio per additional drink,0.13842791483030642,5.666472427863296,15,Design-based Wald t test (df = PSU - strata),1.631248783717338,2.943060654498447,4.477404914124981e-5,***
