outcome,model,n,term,estimate,se,test_statistic,df_test,p_method,OR,CI_low,CI_high,p,significance
sleep_trouble_alcohol_user,Sensitivity,3899,(Intercept),-2.8412129061518003,0.6720299799460133,-4.2278067808523145,15,Design-based Wald t test (df = PSU - strata),0.0583548440736654,0.013931387353326347,0.24443278623278925,7.307126475238389e-4,***
sleep_trouble_alcohol_user,Sensitivity,3899,alcohol_userYes,0.43649923319605893,0.20824730062726246,2.0960619027534952,15,Design-based Wald t test (df = PSU - strata),1.5472810560309078,0.9926577062191115,2.411786712935336,0.05344971348158036,NS
sleep_trouble_alcohol_user,Sensitivity,3899,age_group30-44,0.3167142941923948,0.1824348616562488,1.736040421863891,15,Design-based Wald t test (df = PSU - strata),1.3726103531490619,0.9304039718847803,2.024990475648261,0.10304505297118043,NS
sleep_trouble_alcohol_user,Sensitivity,3899,age_group45-59,0.5932621718919701,0.16284166679584217,3.6431841037082644,15,Design-based Wald t test (df = PSU - strata),1.8098829449569804,1.279121322235659,2.5608800490643824,0.0024031847668107816,**
sleep_trouble_alcohol_user,Sensitivity,3899,age_group60+,0.2603618555254496,0.1594686457018558,1.632683681356552,15,Design-based Wald t test (df = PSU - strata),1.2973994729036338,0.9235433708465445,1.8225948509031242,0.12334568817456168,NS
sleep_trouble_alcohol_user,Sensitivity,3899,genderMale,-0.3772085353426172,0.13778442346151007,-2.7376718344943396,15,Design-based Wald t test (df = PSU - strata),0.6857730510657193,0.5112538290264577,0.9198653405951277,0.015259863573635037,*
sleep_trouble_alcohol_user,Sensitivity,3899,race_ethnicityNon-Hispanic Black,-0.43106945598221946,0.14311458765258242,-3.012058121067724,15,Design-based Wald t test (df = PSU - strata),0.6498137757532644,0.4789730343877647,0.8815902208324826,0.008755067292658967,**
sleep_trouble_alcohol_user,Sensitivity,3899,race_ethnicityNon-Hispanic Asian,-0.4765945958282008,0.15250795275368392,-3.1250474957063403,15,Design-based Wald t test (df = PSU - strata),0.6208941913729906,0.4485847722967219,0.8593907343464611,0.006952151912843299,**
sleep_trouble_alcohol_user,Sensitivity,3899,race_ethnicityMexican American,-0.2762151054666313,0.24063142465973755,-1.1478762836450414,15,Design-based Wald t test (df = PSU - strata),0.7586497235056999,0.45424942105911925,1.2670338723455825,0.2689978107590067,NS
sleep_trouble_alcohol_user,Sensitivity,3899,race_ethnicityOther Hispanic,-0.23832064560256544,0.22949225113699778,-1.0384692486209368,15,Design-based Wald t test (df = PSU - strata),0.7879499978815896,0.483128893830446,1.2850922540341578,0.31550276656707416,NS
sleep_trouble_alcohol_user,Sensitivity,3899,race_ethnicityOther / Multi-racial,0.24983405416262644,0.2834927260644485,0.8812714796281222,15,Design-based Wald t test (df = PSU - strata),1.2838123556935417,0.7015827758943965,2.3492226737326387,0.3920734579195365,NS
sleep_trouble_alcohol_user,Sensitivity,3899,educationSome college/AA,0.013907409144480319,0.17881263923724974,0.077776432380867,15,Design-based Wald t test (df = PSU - strata),1.0140045670414306,0.6926553669363029,1.4844398976200146,0.9390339040958692,NS
sleep_trouble_alcohol_user,Sensitivity,3899,educationHigh school/GED,-0.22315744443673996,0.22951770371836863,-0.9722885896007697,15,Design-based Wald t test (df = PSU - strata),0.799988885579183,0.4904838874630279,1.3047976363922134,0.34632596561721063,NS
sleep_trouble_alcohol_user,Sensitivity,3899,education9-11th grade,-0.20885491890817295,0.23745695164937122,-0.8795485558854811,15,Design-based Wald t test (df = PSU - strata),0.8115129622898506,0.48920070668801174,1.3461822089812339,0.39297694408459083,NS
sleep_trouble_alcohol_user,Sensitivity,3899,education<9th grade,-0.4923918212358191,0.29071007815197497,-1.6937555944600264,15,Design-based Wald t test (df = PSU - strata),0.6111628523281484,0.32889205406427074,1.135691870478836,0.1109687720045195,NS
sleep_trouble_alcohol_user,Sensitivity,3899,poverty_ratio,0.02766878991473257,0.03973717388376236,0.6962948597116705,15,Design-based Wald t test (df = PSU - strata),1.0280551258004373,0.9445666847518884,1.1189229503284577,0.49689276888248235,NS
sleep_trouble_alcohol_user,Sensitivity,3899,partneredYes,-0.027383796980787915,0.07919979728700796,-0.34575589734848966,15,Design-based Wald t test (df = PSU - strata),0.9729877400975685,0.8218526409477134,1.1519159216772574,0.734327643580415,NS
sleep_trouble_alcohol_user,Sensitivity,3899,DMDHHSIZ,-0.07206415176222078,0.04059863239137986,-1.775038899525144,15,Design-based Wald t test (df = PSU - strata),0.9304712025291737,0.8533392570688492,1.014574978901075,0.09618102596518462,NS
sleep_trouble_alcohol_user,Sensitivity,3899,smoking_statusFormer,0.3545510588532268,0.1840287260292795,1.9266071471734076,15,Design-based Wald t test (df = PSU - strata),1.4255405268035746,0.9630047972659642,2.110234340814157,0.07319158876633483,NS
sleep_trouble_alcohol_user,Sensitivity,3899,smoking_statusCurrent,0.2542412312205567,0.13107466618593996,1.9396672035761284,15,Design-based Wald t test (df = PSU - strata),1.2894828302687378,0.9751755172864309,1.7050940472590665,0.07146262829391162,NS
sleep_trouble_alcohol_user,Sensitivity,3899,bmi_categoryUnderweight,-0.16305362939460763,0.45693779487998404,-0.35683988328747046,15,Design-based Wald t test (df = PSU - strata),0.8495456265752295,0.3207820095108777,2.2499010238559696,0.7261818513501446,NS
sleep_trouble_alcohol_user,Sensitivity,3899,bmi_categoryOverweight,-0.2941178611460314,0.16951546802239512,-1.7350502852469767,15,Design-based Wald t test (df = PSU - strata),0.7451886574781045,0.5192179569279484,1.0695048732898103,0.10322478032282568,NS
sleep_trouble_alcohol_user,Sensitivity,3899,bmi_categoryObese,-0.19100956936054309,0.22512292217558502,-0.848467883743819,15,Design-based Wald t test (df = PSU - strata),0.8261246826284269,0.511274976245344,1.33486288779449,0.40951370590535485,NS
sleep_trouble_alcohol_user,Sensitivity,3899,waist_circumference,0.009680077128575599,0.006899287392831926,1.403054631212029,15,Design-based Wald t test (df = PSU - strata),1.0097270806185623,0.9949872003764396,1.0246853195184347,0.18096048370239518,NS
sleep_trouble_alcohol_user,Sensitivity,3899,depression_score_no_sleep,0.15315150290793708,0.018164148281216274,8.431526793156197,15,Design-based Wald t test (df = PSU - strata),1.1655015424403434,1.1212403605627828,1.2115099431035488,4.482261723429785e-7,***
sleep_trouble_alcohol_user,Sensitivity,3899,diabetesYes,0.1475688625468896,0.21718225128155583,0.6794701762050566,15,Design-based Wald t test (df = PSU - strata),1.1590130946753425,0.7295377619169177,1.841318467325473,0.5071905722957337,NS
sleep_trouble_alcohol_user,Sensitivity,3899,hypertensionYes,0.6633159044905333,0.10448826641117288,6.348233416758126,15,Design-based Wald t test (df = PSU - strata),1.941218569494669,1.5536460151707923,2.4254749780545586,1.3077495073478571e-5,***
sleep_trouble_alcohol_user,Sensitivity,3899,heart_diseaseYes,-0.010315460414311618,0.1800653014481032,-0.05728733038155409,15,Design-based Wald t test (df = PSU - strata),0.9897375614757844,0.6742761287761649,1.4527882551233207,0.9550724816932306,NS
sleep_trouble_alcohol_user,Sensitivity,3899,arthritisYes,0.6531910704597533,0.10938024447820813,5.971746301864308,15,Design-based Wald t test (df = PSU - strata),1.9216632180599067,1.5220416099696727,2.426207995534325,2.5601687343546047e-5,***
sleep_trouble_alcohol_risk,Sensitivity,3113,(Intercept),-2.7292651467361875,0.6987410277349678,-3.9059752303129343,15,Design-based Wald t test (df = PSU - strata),0.06526723388983005,0.014719290114434914,0.28940334666359124,0.0014040137320454342,**
sleep_trouble_alcohol_risk,Sensitivity,3113,alcohol_riskLow/Moderate,0.4235462692309823,0.20366601371077506,2.07961191714813,15,Design-based Wald t test (df = PSU - strata),1.5273684224904671,0.9894979723193668,2.357614025780009,0.05512674199018303,NS
sleep_trouble_alcohol_risk,Sensitivity,3113,alcohol_riskHigh,0.5648776232973306,0.29735033922933035,1.8997039813755545,15,Design-based Wald t test (df = PSU - strata),1.7592324804779047,0.9334110359720582,3.3156870886419294,0.0768724152256122,NS
sleep_trouble_alcohol_risk,Sensitivity,3113,age_group30-44,0.2985498782108711,0.20727706892171974,1.4403420492385555,15,Design-based Wald t test (df = PSU - strata),1.3479027664985552,0.8665367695631427,2.0966702530700507,0.1703166104246338,NS
sleep_trouble_alcohol_risk,Sensitivity,3113,age_group45-59,0.6281829724739021,0.168208511388915,3.73454926440363,15,Design-based Wald t test (df = PSU - strata),1.8742020068313037,1.309512613621874,2.6823973483502237,0.0019929916139944186,**
sleep_trouble_alcohol_risk,Sensitivity,3113,age_group60+,0.3160386464109895,0.21686449095173035,1.4573093318506132,15,Design-based Wald t test (df = PSU - strata),1.3716832652369364,0.86398741671092,2.177711091318586,0.165647111973579,NS
sleep_trouble_alcohol_risk,Sensitivity,3113,genderMale,-0.46722347575155515,0.14042641634622552,-3.3271765235367234,15,Design-based Wald t test (df = PSU - strata),0.6267400135655095,0.46462005330679096,0.8454285212367386,0.0045955221452872955,**
sleep_trouble_alcohol_risk,Sensitivity,3113,race_ethnicityNon-Hispanic Black,-0.4626828527121909,0.15929513061384518,-2.904563692118136,15,Design-based Wald t test (df = PSU - strata),0.6295922743307878,0.44833597364127364,0.8841280985722864,0.010893386918306954,*
sleep_trouble_alcohol_risk,Sensitivity,3113,race_ethnicityNon-Hispanic Asian,-0.49951140886949696,0.15048438271466633,-3.3193571310095438,15,Design-based Wald t test (df = PSU - strata),0.6068270776210308,0.4403165944271268,0.8363053012189502,0.004669813725297956,**
sleep_trouble_alcohol_risk,Sensitivity,3113,race_ethnicityMexican American,-0.3857823145863209,0.243112251045495,-1.586848515150013,15,Design-based Wald t test (df = PSU - strata),0.6799185179157017,0.40496128396337944,1.1415639205808354,0.13339879719426057,NS
sleep_trouble_alcohol_risk,Sensitivity,3113,race_ethnicityOther Hispanic,-0.3068157381632625,0.22705278508997123,-1.3512969596108881,15,Design-based Wald t test (df = PSU - strata),0.7357861657275013,0.4534966965663734,1.1937932200499324,0.19663021309937448,NS
sleep_trouble_alcohol_risk,Sensitivity,3113,race_ethnicityOther / Multi-racial,0.1033048274371162,0.30882395248423355,0.3345104115341903,15,Design-based Wald t test (df = PSU - strata),1.1088293591769158,0.5741079433399656,2.141587765917086,0.7426259490429961,NS
sleep_trouble_alcohol_risk,Sensitivity,3113,educationSome college/AA,0.013624824629125334,0.17493459511723633,0.07788524974144967,15,Design-based Wald t test (df = PSU - strata),1.0137180655346367,0.6982071535669385,1.471804336494478,0.938948789795987,NS
sleep_trouble_alcohol_risk,Sensitivity,3113,educationHigh school/GED,-0.23637110228849526,0.22081013304204145,-1.07047217005884,15,Design-based Wald t test (df = PSU - strata),0.7894876388936468,0.49311308001395293,1.2639914803075774,0.301329974402292,NS
sleep_trouble_alcohol_risk,Sensitivity,3113,education9-11th grade,-0.15000988125460563,0.26027593499676055,-0.5763494087783132,15,Design-based Wald t test (df = PSU - strata),0.8606994715924209,0.4942198083303163,1.4989354289586665,0.5729264708022164,NS
sleep_trouble_alcohol_risk,Sensitivity,3113,education<9th grade,-0.34160869143182765,0.25190702221062783,-1.3560903877709185,15,Design-based Wald t test (df = PSU - strata),0.7106262244402697,0.415390681890817,1.2156980232767138,0.19513433013364265,NS
sleep_trouble_alcohol_risk,Sensitivity,3113,poverty_ratio,0.03586145875103126,0.04846087311838697,0.7400085149812281,15,Design-based Wald t test (df = PSU - strata),1.0365122368433597,0.9347927357748727,1.149300348633394,0.47071939769346915,NS
sleep_trouble_alcohol_risk,Sensitivity,3113,partneredYes,-0.11385786867852364,0.11126876019388786,-1.0232689613879422,15,Design-based Wald t test (df = PSU - strata),0.8923847826975936,0.7039685359830326,1.1312303884124524,0.32240108681930957,NS
sleep_trouble_alcohol_risk,Sensitivity,3113,DMDHHSIZ,-0.057701396713288555,0.05177106640840259,-1.1145491239856604,15,Design-based Wald t test (df = PSU - strata),0.9439317664865615,0.8453125717033085,1.0540564633826006,0.28258360026225277,NS
sleep_trouble_alcohol_risk,Sensitivity,3113,smoking_statusFormer,0.2887840466521243,0.18637151578263936,1.5495074203770829,15,Design-based Wald t test (df = PSU - strata),1.3348034421293384,0.8972170831808176,1.985807295157421,0.14209778266732992,NS
sleep_trouble_alcohol_risk,Sensitivity,3113,smoking_statusCurrent,0.17479654776768422,0.1579020749338723,1.1069933554760896,15,Design-based Wald t test (df = PSU - strata),1.1910038795631934,0.8506421381256632,1.6675522849833564,0.28573390079773525,NS
sleep_trouble_alcohol_risk,Sensitivity,3113,bmi_categoryUnderweight,-0.19780168263815393,0.48991050389802515,-0.40375064642281344,15,Design-based Wald t test (df = PSU - strata),0.8205325628563912,0.28879990424170626,2.3312808516175694,0.6920934361840974,NS
sleep_trouble_alcohol_risk,Sensitivity,3113,bmi_categoryOverweight,-0.3648173118803149,0.19051954502560134,-1.9148550445640213,15,Design-based Wald t test (df = PSU - strata),0.6943234839439139,0.4625964933384821,1.0421287391888474,0.07477951781702591,NS
sleep_trouble_alcohol_risk,Sensitivity,3113,bmi_categoryObese,-0.21850688682828906,0.27878812928328556,-0.7837739985200632,15,Design-based Wald t test (df = PSU - strata),0.8037179443581208,0.44364538491237004,1.4560334809091626,0.4453733090929597,NS
sleep_trouble_alcohol_risk,Sensitivity,3113,waist_circumference,0.008014521618960026,0.007892725430615899,1.0154314487960876,15,Design-based Wald t test (df = PSU - strata),1.0080467238684048,0.9912302561021863,1.0251484871917265,0.32600008105271006,NS
sleep_trouble_alcohol_risk,Sensitivity,3113,depression_score_no_sleep,0.15809517193647368,0.024378381750910484,6.485056044811881,15,Design-based Wald t test (df = PSU - strata),1.171277662166555,1.111970738553831,1.2337477186446097,1.0294388368883284e-5,***
sleep_trouble_alcohol_risk,Sensitivity,3113,diabetesYes,0.29388147552611366,0.2396942015704253,1.226068355432317,15,Design-based Wald t test (df = PSU - strata),1.341624878860072,0.8049182001199875,2.236199051416637,0.2390736269765955,NS
sleep_trouble_alcohol_risk,Sensitivity,3113,hypertensionYes,0.7337681585365118,0.1430316732823923,5.130109588299427,15,Design-based Wald t test (df = PSU - strata),2.0829145909557982,1.535572634889928,2.8253519857284717,1.2320522884138102e-4,***
sleep_trouble_alcohol_risk,Sensitivity,3113,heart_diseaseYes,-0.21976554034546397,0.23126569376932296,-0.9502729815372881,15,Design-based Wald t test (df = PSU - strata),0.8027069783020941,0.4903201674791248,1.3141178677752654,0.3570346889304653,NS
sleep_trouble_alcohol_risk,Sensitivity,3113,arthritisYes,0.7624025582637822,0.13098532008041378,5.820519106994069,15,Design-based Wald t test (df = PSU - strata),2.1434197300171234,1.621276751907413,2.8337223324898715,3.3716106539560994e-5,***
sleep_trouble_PHQ_full,Sensitivity,3109,(Intercept),-2.9244416546754226,0.6910024774470487,-4.23217245975724,15,Design-based Wald t test (df = PSU - strata),0.053694663709082026,0.012310797314670033,0.23419416607531784,7.243052384968546e-4,***
sleep_trouble_PHQ_full,Sensitivity,3109,alcohol_categoryDrinkers (non-binge),0.40841332851059753,0.21228740464081503,1.9238698084873318,15,Design-based Wald t test (df = PSU - strata),1.504428856017516,0.9568902612551053,2.365272460657616,0.07355871695345473,NS
sleep_trouble_PHQ_full,Sensitivity,3109,alcohol_categoryBinge drinker,0.5350186678483969,0.303115462485172,1.7650655742267496,15,Design-based Wald t test (df = PSU - strata),1.7074801169366585,0.8948880548431619,3.257936379813443,0.097896985325816685,NS
sleep_trouble_PHQ_full,Sensitivity,3109,age_group30-44,0.33314105058569365,0.20555329009309853,1.6207040540913185,15,Design-based Wald t test (df = PSU - strata),1.3953440986924488,0.9003376528603899,2.162505530642013,0.1259083314682505,NS
sleep_trouble_PHQ_full,Sensitivity,3109,age_group45-59,0.6814801678684788,0.17456868275900048,3.9037939514574402,15,Design-based Wald t test (df = PSU - strata),1.976801565974563,1.362601620098854,2.8678554124689692,0.0014102735436603198,**
sleep_trouble_PHQ_full,Sensitivity,3109,age_group60+,0.3883550257809228,0.21839461622095557,1.7782261875357486,15,Design-based Wald t test (df = PSU - strata),1.4745531957701994,0.925758312783971,2.348676859965167,0.09563825512785104,NS
sleep_trouble_PHQ_full,Sensitivity,3109,genderMale,-0.42892242917112966,0.13768924679742545,-3.1151483441708376,15,Design-based Wald t test (df = PSU - strata),0.6512104421556075,0.4855853970382812,0.8733274158552793,0.007094235957141411,**
sleep_trouble_PHQ_full,Sensitivity,3109,race_ethnicityNon-Hispanic Black,-0.4566820670561536,0.15894955379759945,-2.8731258197659106,15,Design-based Wald t test (df = PSU - strata),0.6333816809570172,0.45136677517364315,0.8887946030533675,0.011610095906528287,*
sleep_trouble_PHQ_full,Sensitivity,3109,race_ethnicityNon-Hispanic Asian,-0.5022868190992854,0.15376086573870718,-3.2666752797349896,15,Design-based Wald t test (df = PSU - strata),0.6051452185461291,0.43604041433371094,0.8398320969601254,0.005202449166830584,**
sleep_trouble_PHQ_full,Sensitivity,3109,race_ethnicityMexican American,-0.391225487111904,0.24781128580824735,-1.5787234460928807,15,Design-based Wald t test (df = PSU - strata),0.6762276582251466,0.39874915674457095,1.146795768753414,0.13525201778500195,NS
sleep_trouble_PHQ_full,Sensitivity,3109,race_ethnicityOther Hispanic,-0.31868696836402327,0.22607858678523618,-1.4096291599113746,15,Design-based Wald t test (df = PSU - strata),0.7271031199652387,0.4490764810064474,1.1772581496103642,0.17904511732230408,NS
sleep_trouble_PHQ_full,Sensitivity,3109,race_ethnicityOther / Multi-racial,0.09688026277291868,0.31133472822332764,0.3111771800267146,15,Design-based Wald t test (df = PSU - strata),1.1017284478136153,0.5673868105951587,2.1392911327081787,0.7599486132795413,NS
sleep_trouble_PHQ_full,Sensitivity,3109,educationSome college/AA,-0.010543258080887193,0.1755326449237667,-0.06006437198884628,15,Design-based Wald t test (df = PSU - strata),0.9895121272464286,0.6806668944117005,1.4384925401932716,0.9528973175447695,NS
sleep_trouble_PHQ_full,Sensitivity,3109,educationHigh school/GED,-0.2464953495525777,0.21868438617053135,-1.1271739783029557,15,Design-based Wald t test (df = PSU - strata),0.7815349960159613,0.4903626374959159,1.245602546549554,0.27737783566653573,NS
sleep_trouble_PHQ_full,Sensitivity,3109,education9-11th grade,-0.18200597120736045,0.2697600166553283,-0.6746958777064024,15,Design-based Wald t test (df = PSU - strata),0.8335963628241368,0.46907817681703967,1.4813797154853865,0.5101351360233379,NS
sleep_trouble_PHQ_full,Sensitivity,3109,education<9th grade,-0.40306480486365637,0.26069141619927133,-1.5461376164206169,15,Design-based Wald t test (df = PSU - strata),0.6682687908523987,0.3833850641455635,1.1648423963062067,0.1429059401004224,NS
sleep_trouble_PHQ_full,Sensitivity,3109,poverty_ratio,0.04500176384213026,0.04854046671174384,0.927097881224998,15,Design-based Wald t test (df = PSU - strata),1.046029704938353,0.9432161645936261,1.160050245836098,0.3685534973439252,NS
sleep_trouble_PHQ_full,Sensitivity,3109,partneredYes,-0.11002657519263004,0.11559443490644962,-0.9518328047684507,15,Design-based Wald t test (df = PSU - strata),0.8958103286481527,0.7001852886152963,1.1460911246788803,0.3562684713775417,NS
sleep_trouble_PHQ_full,Sensitivity,3109,DMDHHSIZ,-0.05320741952570864,0.05169516507036184,-1.0292533054742834,15,Design-based Wald t test (df = PSU - strata),0.9481833203495171,0.8492573174403291,1.0586327494931531,0.3196723704917559,NS
sleep_trouble_PHQ_full,Sensitivity,3109,smoking_statusFormer,0.2764410819669414,0.1846373342670742,1.4972111846408858,15,Design-based Wald t test (df = PSU - strata),1.3184292711699748,0.8894926097322633,1.9542104386915646,0.15508344162026308,NS
sleep_trouble_PHQ_full,Sensitivity,3109,smoking_statusCurrent,0.12145720860341916,0.1640267932611227,0.7404717618911513,15,Design-based Wald t test (df = PSU - strata),1.129141047369002,0.7959987803578946,1.6017103748328902,0.4704465857042446,NS
sleep_trouble_PHQ_full,Sensitivity,3109,bmi_categoryUnderweight,-0.1955897137012834,0.48630703494808636,-0.40219388091344954,15,Design-based Wald t test (df = PSU - strata),0.8223495642315674,0.29167105889311695,2.318566704417747,0.6932142148437288,NS
sleep_trouble_PHQ_full,Sensitivity,3109,bmi_categoryOverweight,-0.3670445035967994,0.19135456668681475,-1.9181381973367377,15,Design-based Wald t test (df = PSU - strata),0.6927788132093587,0.4607465787734772,1.0416626105165894,0.07433281001474308,NS
sleep_trouble_PHQ_full,Sensitivity,3109,bmi_categoryObese,-0.22997495114006297,0.2757913329405436,-0.8338730180097504,15,Design-based Wald t test (df = PSU - strata),0.7945535049135237,0.44139714095287136,1.4302658843858969,0.4174344331718802,NS
sleep_trouble_PHQ_full,Sensitivity,3109,waist_circumference,0.008175908610529126,0.007656569292502989,1.0678292454735117,15,Design-based Wald t test (df = PSU - strata),1.0082094226249092,0.9918893874227559,1.0247979792492865,0.3024824457658004,NS
sleep_trouble_PHQ_full,Sensitivity,3109,depression_score,0.16720561213083243,0.02393629246123832,6.985443230257983,15,Design-based Wald t test (df = PSU - strata),1.1819972733028115,1.123205456690177,1.2438664233454306,4.3854591248764954e-6,***
sleep_trouble_PHQ_full,Sensitivity,3109,diabetesYes,0.28872482874324074,0.24339379239806785,1.1862456552344378,15,Design-based Wald t test (df = PSU - strata),1.334724400201097,0.7944885064883522,2.2423096242969947,0.2539754862521143,NS
sleep_trouble_PHQ_full,Sensitivity,3109,hypertensionYes,0.717096690310473,0.14331836002029744,5.003522857845389,15,Design-based Wald t test (df = PSU - strata),2.048477205045022,1.5092620714530283,2.7803381128826454,1.5729224740311388e-4,***
sleep_trouble_PHQ_full,Sensitivity,3109,heart_diseaseYes,-0.223038574831799,0.2363807140806675,-0.9435565659374591,15,Design-based Wald t test (df = PSU - strata),0.8000839855941075,0.4834186935721925,1.3241821065584345,0.36034699475412446,NS
sleep_trouble_PHQ_full,Sensitivity,3109,arthritisYes,0.735588725877889,0.13462974366458727,5.463790584868927,15,Design-based Wald t test (df = PSU - strata),2.086710131204932,1.5661685456798584,2.78026217783803,6.53461939195838e-5,***
