variable,alcohol_category,category,estimate,se,p_overall,n_unweighted
age_group,Non-drinker,18-29,0.286906766632411,0.02748742242542024,7.903185340947436e-12,585
age_group,Drinkers (non-binge),18-29,0.16026248756632974,0.013928405392716873,7.903185340947436e-12,2053
age_group,Binge drinker,18-29,0.32390076930063144,0.017050515366476077,7.903185340947436e-12,1437
age_group,Non-drinker,30-44,0.19586846639165667,0.023608519745808323,7.903185340947436e-12,585
age_group,Drinkers (non-binge),30-44,0.21776559409166368,0.017402538214160747,7.903185340947436e-12,2053
age_group,Binge drinker,30-44,0.3156704243878983,0.01827186719949213,7.903185340947436e-12,1437
age_group,Non-drinker,45-59,0.22223857057682317,0.029412221384677605,7.903185340947436e-12,585
age_group,Drinkers (non-binge),45-59,0.29437216759031687,0.015979283430482927,7.903185340947436e-12,2053
age_group,Binge drinker,45-59,0.24194349124156497,0.020204758872942347,7.903185340947436e-12,1437
age_group,Non-drinker,60+,0.2949861963991092,0.037495016452532476,7.903185340947436e-12,585
age_group,Drinkers (non-binge),60+,0.3275997507516897,0.02477528043251769,7.903185340947436e-12,2053
age_group,Binge drinker,60+,0.11848531506990523,0.018759875955189013,7.903185340947436e-12,1437
gender,Non-drinker,Female,0.6275249132016499,0.02778747595708343,1.0645168076191788e-5,585
gender,Drinkers (non-binge),Female,0.5579932242812117,0.01847204288875508,1.0645168076191788e-5,2053
gender,Binge drinker,Female,0.4355585916400928,0.02010625886627635,1.0645168076191788e-5,1437
gender,Non-drinker,Male,0.3724750867983501,0.02778747595708343,1.0645168076191788e-5,585
gender,Drinkers (non-binge),Male,0.4420067757187882,0.018472042888755077,1.0645168076191788e-5,2053
gender,Binge drinker,Male,0.5644414083599071,0.02010625886627635,1.0645168076191788e-5,1437
race_ethnicity,Non-drinker,Non-Hispanic White,0.46826089573788854,0.049243435659525374,2.4935934043269253e-8,585
race_ethnicity,Drinkers (non-binge),Non-Hispanic White,0.6534015269269433,0.024864978102032077,2.4935934043269253e-8,2053
race_ethnicity,Binge drinker,Non-Hispanic White,0.640155450990282,0.031176361199772254,2.4935934043269253e-8,1437
race_ethnicity,Non-drinker,Non-Hispanic Black,0.1438238321963914,0.026486396685648804,2.4935934043269253e-8,585
race_ethnicity,Drinkers (non-binge),Non-Hispanic Black,0.11554534274172544,0.017607693347214664,2.4935934043269253e-8,2053
race_ethnicity,Binge drinker,Non-Hispanic Black,0.09708346296177083,0.015173527329138374,2.4935934043269253e-8,1437
race_ethnicity,Non-drinker,Non-Hispanic Asian,0.18902549756399442,0.024037457460797072,2.4935934043269253e-8,585
race_ethnicity,Drinkers (non-binge),Non-Hispanic Asian,0.0520995872455615,0.009869986417352008,2.4935934043269253e-8,2053
race_ethnicity,Binge drinker,Non-Hispanic Asian,0.028017871734350868,0.005116690783286897,2.4935934043269253e-8,1437
race_ethnicity,Non-drinker,Mexican American,0.09544755459269458,0.030258528461850547,2.4935934043269253e-8,585
race_ethnicity,Drinkers (non-binge),Mexican American,0.07359966706013575,0.014096776488946333,2.4935934043269253e-8,2053
race_ethnicity,Binge drinker,Mexican American,0.11603239185130906,0.0213387242300581,2.4935934043269253e-8,1437
race_ethnicity,Non-drinker,Other Hispanic,0.0689084020136927,0.012554781482725468,2.4935934043269253e-8,585
race_ethnicity,Drinkers (non-binge),Other Hispanic,0.0630035709158483,0.007900220609849275,2.4935934043269253e-8,2053
race_ethnicity,Binge drinker,Other Hispanic,0.072048103541698,0.011306115174212148,2.4935934043269253e-8,1437
race_ethnicity,Non-drinker,Other / Multi-racial,0.034533817895338464,0.016184429684764322,2.4935934043269253e-8,585
race_ethnicity,Drinkers (non-binge),Other / Multi-racial,0.042350305109785685,0.008020644744263332,2.4935934043269253e-8,2053
race_ethnicity,Binge drinker,Other / Multi-racial,0.04666271892058917,0.009291081194697976,2.4935934043269253e-8,1437
education,Non-drinker,College graduate+,0.29397960246859656,0.05060999372214809,0.0017674105631764903,506
education,Drinkers (non-binge),College graduate+,0.33439788902287976,0.027214315849112988,0.0017674105631764903,1975
education,Binge drinker,College graduate+,0.32732588047179695,0.03661162992289822,0.0017674105631764903,1359
education,Non-drinker,Some college/AA,0.22415590913246233,0.03497972199090098,0.0017674105631764903,506
education,Drinkers (non-binge),Some college/AA,0.30971696998700327,0.016640979363769372,0.0017674105631764903,1975
education,Binge drinker,Some college/AA,0.3355689191714548,0.02372474346702192,0.0017674105631764903,1359
education,Non-drinker,High school/GED,0.29649498083582543,0.034345192977115996,0.0017674105631764903,506
education,Drinkers (non-binge),High school/GED,0.27201625331556056,0.0156724600203111,0.0017674105631764903,1975
education,Binge drinker,High school/GED,0.2550174824267208,0.028505125559836877,0.0017674105631764903,1359
education,Non-drinker,9-11th grade,0.08507797597082008,0.013351706844731831,0.0017674105631764903,506
education,Drinkers (non-binge),9-11th grade,0.05989080144681371,0.005927190390415704,0.0017674105631764903,1975
education,Binge drinker,9-11th grade,0.0594395719538218,0.006993105838148816,0.0017674105631764903,1359
education,Non-drinker,<9th grade,0.10029153159229555,0.015823667302829587,0.0017674105631764903,506
education,Drinkers (non-binge),<9th grade,0.02397808622774273,0.004592970718743622,0.0017674105631764903,1975
education,Binge drinker,<9th grade,0.022648145976205666,0.00490246072904486,0.0017674105631764903,1359
smoking_status,Non-drinker,Never,0.9172836273397702,0.015899881467902558,2.215016178658479e-12,585
smoking_status,Drinkers (non-binge),Never,0.6239748367098511,0.013587140713655462,2.215016178658479e-12,2053
smoking_status,Binge drinker,Never,0.5114602335253079,0.021508040358043153,2.215016178658479e-12,1437
smoking_status,Non-drinker,Former,0.03701034486725484,0.008355966279451135,2.215016178658479e-12,585
smoking_status,Drinkers (non-binge),Former,0.24450997679895978,0.008275100885360242,2.215016178658479e-12,2053
smoking_status,Binge drinker,Former,0.2481765566766607,0.02072214061860771,2.215016178658479e-12,1437
smoking_status,Non-drinker,Current,0.04570602779297503,0.014658805393633283,2.215016178658479e-12,585
smoking_status,Drinkers (non-binge),Current,0.1315151864911891,0.01094709471203847,2.215016178658479e-12,2053
smoking_status,Binge drinker,Current,0.24036320979803133,0.021295724617489603,2.215016178658479e-12,1437
bmi_category,Non-drinker,Normal,0.3083736456413403,0.03028806862194051,0.16552796147196835,572
bmi_category,Drinkers (non-binge),Normal,0.2567710703921153,0.0174373156277282,0.16552796147196835,2032
bmi_category,Binge drinker,Normal,0.2536795596912676,0.02265644945579072,0.16552796147196835,1420
bmi_category,Non-drinker,Underweight,0.024924554429644134,0.008119961728408589,0.16552796147196835,572
bmi_category,Drinkers (non-binge),Underweight,0.012012629682423871,0.0022516993444387707,0.16552796147196835,2032
bmi_category,Binge drinker,Underweight,0.01805707266651136,0.005128912329721812,0.16552796147196835,1420
bmi_category,Non-drinker,Overweight,0.3228357998162444,0.027893408426263366,0.16552796147196835,572
bmi_category,Drinkers (non-binge),Overweight,0.28315156486456367,0.01822276615912242,0.16552796147196835,2032
bmi_category,Binge drinker,Overweight,0.3100125100785747,0.022873746692892338,0.16552796147196835,1420
bmi_category,Non-drinker,Obese,0.3438660001127712,0.03774384131311292,0.16552796147196835,572
bmi_category,Drinkers (non-binge),Obese,0.44806473506089717,0.020395967750418565,0.16552796147196835,2032
bmi_category,Binge drinker,Obese,0.41825085756364633,0.024379472323325383,0.16552796147196835,1420
diabetes,Non-drinker,No,0.8694112710747927,0.028843820313946025,0.0029297151074274145,564
diabetes,Drinkers (non-binge),No,0.8734395811589325,0.011713410993001563,0.0029297151074274145,1986
diabetes,Binge drinker,No,0.9385708512522912,0.008638582159535222,0.0029297151074274145,1408
diabetes,Non-drinker,Yes,0.13058872892520723,0.028843820313946028,0.0029297151074274145,564
diabetes,Drinkers (non-binge),Yes,0.12656041884106756,0.011713410993001563,0.0029297151074274145,1986
diabetes,Binge drinker,Yes,0.0614291487477088,0.00863858215953522,0.0029297151074274145,1408
hypertension,Non-drinker,No,0.7062701343979447,0.03226610489258558,1.9155666340150027e-4,583
hypertension,Drinkers (non-binge),No,0.6593491881214457,0.021716105335819164,1.9155666340150027e-4,2052
hypertension,Binge drinker,No,0.7620422622204083,0.014053920425707307,1.9155666340150027e-4,1434
hypertension,Non-drinker,Yes,0.2937298656020553,0.03226610489258558,1.9155666340150027e-4,583
hypertension,Drinkers (non-binge),Yes,0.34065081187855434,0.021716105335819164,1.9155666340150027e-4,2052
hypertension,Binge drinker,Yes,0.23795773777959167,0.014053920425707307,1.9155666340150027e-4,1434
heart_disease,Non-drinker,No,0.9463807335897855,0.01324237507303525,0.021428731602597353,503
heart_disease,Drinkers (non-binge),No,0.9255137070335238,0.008802351669279477,0.021428731602597353,1968
heart_disease,Binge drinker,No,0.9544809900018827,0.007980405819844922,0.021428731602597353,1350
heart_disease,Non-drinker,Yes,0.0536192664102145,0.01324237507303525,0.021428731602597353,503
heart_disease,Drinkers (non-binge),Yes,0.07448629296647626,0.008802351669279479,0.021428731602597353,1968
heart_disease,Binge drinker,Yes,0.045519009998117296,0.00798040581984492,0.021428731602597353,1350
arthritis,Non-drinker,No,0.7635071046032449,0.03383160681062348,2.813319104910178e-4,506
arthritis,Drinkers (non-binge),No,0.6879786499260278,0.02803096119508503,2.813319104910178e-4,1973
arthritis,Binge drinker,No,0.8147196812658438,0.014536292593901906,2.813319104910178e-4,1357
arthritis,Non-drinker,Yes,0.23649289539675505,0.03383160681062347,2.813319104910178e-4,506
arthritis,Drinkers (non-binge),Yes,0.31202135007397225,0.02803096119508503,2.813319104910178e-4,1973
arthritis,Binge drinker,Yes,0.18528031873415632,0.014536292593901906,2.813319104910178e-4,1357
sleep_trouble,Non-drinker,No,0.828109020000742,0.02311887720539974,0.0029132650868307027,584
sleep_trouble,Drinkers (non-binge),No,0.6791767171910437,0.01618578770158648,0.0029132650868307027,2052
sleep_trouble,Binge drinker,No,0.7182403862706743,0.023997135772487573,0.0029132650868307027,1436
sleep_trouble,Non-drinker,Yes,0.17189097999925784,0.023118877205399742,0.0029132650868307027,584
sleep_trouble,Drinkers (non-binge),Yes,0.32082328280895633,0.01618578770158648,0.0029132650868307027,2052
sleep_trouble,Binge drinker,Yes,0.2817596137293257,0.023997135772487573,0.0029132650868307027,1436
daytime_sleepy,Non-drinker,No,0.8036069252811145,0.03137049423610445,0.04443047901897726,583
daytime_sleepy,Drinkers (non-binge),No,0.7199815428476783,0.012067103398457988,0.04443047901897726,2050
daytime_sleepy,Binge drinker,No,0.7052083531966779,0.015391677231066924,0.04443047901897726,1437
daytime_sleepy,Non-drinker,Yes,0.19639307471888542,0.03137049423610445,0.04443047901897726,583
daytime_sleepy,Drinkers (non-binge),Yes,0.2800184571523216,0.012067103398457986,0.04443047901897726,2050
daytime_sleepy,Binge drinker,Yes,0.2947916468033221,0.015391677231066922,0.04443047901897726,1437
insufficient_sleep,Non-drinker,No,0.767015949186769,0.028360453265285537,0.5768925654487705,581
insufficient_sleep,Drinkers (non-binge),No,0.787847005164091,0.01375070657065065,0.5768925654487705,2042
insufficient_sleep,Binge drinker,No,0.7739139717792334,0.019024562411793663,0.5768925654487705,1433
insufficient_sleep,Non-drinker,Yes,0.23298405081323093,0.02836045326528554,0.5768925654487705,581
insufficient_sleep,Drinkers (non-binge),Yes,0.21215299483590908,0.013750706570650653,0.5768925654487705,2042
insufficient_sleep,Binge drinker,Yes,0.22608602822076662,0.019024562411793663,0.5768925654487705,1433
snoring_frequent,Non-drinker,No,0.7836677615187747,0.0317786271952824,0.21851261644576278,537
snoring_frequent,Drinkers (non-binge),No,0.7367186886553215,0.015979477998646616,0.21851261644576278,1923
snoring_frequent,Binge drinker,No,0.714611568201523,0.01811593389079662,0.21851261644576278,1356
snoring_frequent,Non-drinker,Yes,0.21633223848122538,0.0317786271952824,0.21851261644576278,537
snoring_frequent,Drinkers (non-binge),Yes,0.2632813113446784,0.01597947799864662,0.21851261644576278,1923
snoring_frequent,Binge drinker,Yes,0.285388431798477,0.018115933890796625,0.21851261644576278,1356
breathing_pauses,Non-drinker,No,0.8131041780724472,0.023106760822550008,0.023671845319137883,561
breathing_pauses,Drinkers (non-binge),No,0.7826420608512229,0.01553897513610012,0.023671845319137883,1960
breathing_pauses,Binge drinker,No,0.7149410180816174,0.023666949774577135,0.023671845319137883,1350
breathing_pauses,Non-drinker,Yes,0.18689582192755289,0.023106760822550008,0.023671845319137883,561
breathing_pauses,Drinkers (non-binge),Yes,0.21735793914877716,0.015538975136100119,0.023671845319137883,1960
breathing_pauses,Binge drinker,Yes,0.28505898191838264,0.023666949774577135,0.023671845319137883,1350
